-- INSERTION DE DONNEES 
-- TABLE USER
insert into users (lastname, firstname, email, password) values ('Norway', 'Brody', 'bnorway0@bbb.org', '$2y$10$hdqFjNN.GsrSDm8EXBZ7IOqzt2ryxWGBDNge6bYJL750D/qMQJwny');
insert into users (lastname, firstname, email, password) values ('Charlick', 'Sargent', 'scharlick1@geocities.com', '$2y$10$ajhvhtcAJEhS5ZEU1bEjWOczM1vZtTcz3zlUk7U/Lc0LYHkLpJlzG');
insert into users (lastname, firstname, email, password) values ('Josselson', 'Cecile', 'cjosselson2@answers.com', '$2y$10$EXVBbZLySFyv/muXnOL2mez0PYdkrXxWverxSG7mcGpWaIprn5VHu');
insert into users (lastname, firstname, email, password) values ('Lopez', 'Rudyard', 'rlopez3@fastcompany.com', '$2y$10$PdmSCKJA9KbIlURhHwu9zuZHkz4P2io2kk7Bt8jXaESTbFmAspL7q');
insert into users (lastname, firstname, email, password) values ('Leneham', 'Ashby', 'aleneham4@arizona.edu', '$2y$10$JVScDKl.EdrHh5KRBiptmOMCv/sW4bMesTI4hB2xXnVc9UHf2cTtO');
insert into users (lastname, firstname, email, password) values ('Rosenkranc', 'Tim', 'trosenkranc5@nhs.uk', '$2y$10$ufvtyyhJGapOZGF0MfPHAutojI3VZQ5PTISr5qqjV6Vm82/VoIyum');
insert into users (lastname, firstname, email, password) values ('Taborre', 'Petey', 'ptaborre6@pinterest.com', '$2y$10$r3NCmD5qIpO7cVZ6DL3bSOrqCzG9aouEbmIg9FN5wGtSsq.ywlT3a');
insert into users (lastname, firstname, email, password) values ('Durbann', 'Sheri', 'sdurbann7@princeton.edu', '$2y$10$4dTepYBDSqxxt1Q1E7e17eAvwXIYcXuWKr3me/RnRknRquIGbgwtK');
insert into users (lastname, firstname, email, password) values ('Dunster', 'Katie', 'kdunster8@tripadvisor.com','$2y$10$MjuXP0Cweq1igf1FfW3qyufwg4x2Q4p8j99U.fUhADljSxFbBNxp2');
insert into users (lastname, firstname, email, password) values ('Smickle', 'Agace', 'asmickle9@jimdo.com', '$2y$10$H.hOdxZ5EyFcBN6p9XFSl.XztuMOhE2Qpmt1kVAyuUL8hcEpwsDgG');
insert into users (lastname, firstname, email, password) values ('Peppin', 'Jose', 'jpeppin0@naver.com', '$2y$10$4jjwal2GguAWKG6tksyYM.XDmBGV13PYJ/dwfCpgimgzZHYLHXx22');
insert into users (lastname, firstname, email, password) values ('Pedrielli', 'L;urette', 'lpedrielli1@rediff.com', '$2y$10$6668H.zOsVgICcErZ0jS0uPnqxF6lQLD0APYOh6eLl1B7zqiKoflK');
insert into users (lastname, firstname, email, password) values ('Putnam', 'Laurene', 'lputnam2@skyrock.com', '$2y$10$Da5ZjtoTdN3AP0ZYZc9.Q.M65mtfBOhviyGZ1VxUPmHINeHzyGSjG');
insert into users (lastname, firstname, email, password) values ('Niland', 'Teddy', 'tniland3@narod.ru', '$2y$10$dioAExMdvCcHfj2fjuILxesLMd8ed7vys/RNEafWDdv4BDCO3mCRK');
insert into users (lastname, firstname, email, password) values ('Itzakson', 'Dore', 'ditzakson4@statcounter.com', '$2y$10$I8VJXQzBXj0FdDE7Tchsb./WWls8eNPF7SVu4Vcoc6LDX7trzH8ju');
insert into users (lastname, firstname, email, password) values ('Pleager', 'Kelly', 'kpleager5@webmd.com', '$2y$10$PL.5dmwYJfvYf8uW80vAh.zkDd6E8UBdMqcmRnXJYrF4pMndmpBKq');
insert into users (lastname, firstname, email, password) values ('Redler', 'Ceciley', 'credler6@ask.com', '$2y$10$p7TBFMrCO1GL8jwBrH7u3Oj/b7tqbTk8qFLBj6U5FUqUKRkn5jstS');
insert into users (lastname, firstname, email, password) values ('Deary', 'Lannie', 'ldeary7@digg.com', '$2y$10$TY5HQ4ltjc.EXr0EoEmCdu/zHIsSiHA0mdV0yWycjAHlyiDkqEVmq');
insert into users (lastname, firstname, email, password) values ('Marshall', 'Shannon', 'smarshall8@cbsnews.com', '$2y$10$BUE4h/yaR3VA8r0UErbcN.yu9hLu9sA2zee.OVkDKK8uHFvMHHyWy');
insert into users (lastname, firstname, email, password) values ('Baruch', 'Fayre', 'fbaruch9@rakuten.co.jp', '$2y$10$..8fQOL973MCN0lXGL0vrOmc4tmbWrmUvRRdUWQp9E3x3nVws0bi2');
insert into users (lastname, firstname, email, password) values ('Testo', 'Abbe', 'atesto0@biblegateway.com', '$2y$10$eiPMZ6REPIf.ejXqN1WBEeqNWQJHMlLWt1c6aiclmR92ncm36tGMy');
insert into users (lastname, firstname, email, password) values ('Cowen', 'Rourke', 'rcowen1@forbes.com', '$2y$10$dZ2Kskkrv9KRJGjYKnHBsuCO7iJ2XckHp02xCh1cTbC8K2cLJ1.Xm');
insert into users (lastname, firstname, email, password) values ('Worssam', 'Georgeanne', 'gworssam2@goo.ne.jp', '$2y$10$3qJJ4JAxKbqHFh5vGtIoe.3iIcgKNIyyylYnUDFHczd/2o7tmKEtS');
insert into users (lastname, firstname, email, password) values ('Bartrum', 'Britteny', 'bbartrum3@smh.com.au', '$2y$10$z9GT3D4R8Zt/bQmm9cXuieCTBVCB6navJBdIYPTFwC0n.hbC.hFAK');
insert into users (lastname, firstname, email, password) values ('Saull', 'Trumaine', 'tsaull4@europa.eu', '$2y$10$ua3dpUhtPtyIdqgck96zBeTi0YUUdOlIyeQnEhGxGlOeTqWvWbx.K');
insert into users (lastname, firstname, email, password) values ('Camoletto', 'Keith', 'kcamoletto5@alexa.com', '$2y$10$5ljhrnzdXCz8lrXiVBtAhObo5khZ.4KOWtd1HGKxFYmA4Zk5cj9PW');
insert into users (lastname, firstname, email, password) values ('Crummey', 'Gherardo', 'gcrummey6@hao123.com', '$2y$10$UNKvY5ds6USqfxw7A3KbTuASCk58k/oYq7dUPIK/YhPC4pAtuZHyW');
insert into users (lastname, firstname, email, password) values ('MacLure', 'Gillie', 'gmaclure7@timesonline.co.uk', '$2y$10$0pMaNckwBuKzOJXaUXMcNO6J742yf1OPUBjJ.KKyscBjP86PE6KC2');
insert into users (lastname, firstname, email, password) values ('Ianno', 'Wilma', 'wianno8@list-manage.com', '$2y$10$9337MJ5Uih3CfPzY5mBMZubqPgrKOQ6QvCLp1dvG45lEXO5wQ2Jeu');
insert into users (lastname, firstname, email, password) values ('Albury', 'Cobbie', 'calbury9@reference.com', '$2y$10$rl9uIGLWsACqyJh2yNULzeDle3gobOgbaCJdQokGXmC8rkj7.W81G');

-- TABLE PRICES
insert into prices (label, price) VALUE ("Plein tarif", 9.20);
insert into prices (label, price) VALUE ("Etudiant", 7.60);
insert into prices (label, price) VALUE ("Moins de 14 ans", 5.90)

-- TABLE CUSTOMERS
insert into customers (dateOfBirth, isStudent, users_id, prices_id) values ('2010/03/11', 0, 3, 3);
insert into customers (dateOfBirth, isStudent, users_id, prices_id) values ('1988/02/13', 0 , 1 ,1);
insert into customers (dateOfBirth, isStudent, users_id, prices_id) values ('1983/10/09', 0, 2, 1);
insert into customers (dateOfBirth, isStudent, users_id, prices_id) values ('2012/11/02', 0 , 4, 3);
insert into customers (dateOfBirth, isStudent, users_id, prices_id) values ('1991/05/03', 0, 5, 1);
insert into customers (dateOfBirth, isStudent, users_id, prices_id) values ('1995/10/11', 0, 6, 1);
insert into customers (dateOfBirth, isStudent, users_id, prices_id) values ('2008/03/28', 1, 8, 2);
insert into customers (dateOfBirth, isStudent, users_id, prices_id) values ('1991/03/30', 0, 9, 1);
insert into customers (dateOfBirth, isStudent, users_id, prices_id) values ('1998/10/15', 1, 7, 2);
insert into customers (dateOfBirth, isStudent, users_id, prices_id) values ('2005/10/11', 1, 6, 2);
insert into customers (dateOfBirth, isStudent, users_id, prices_id) values ('1981/03/28', 0, 8, 1);
insert into customers (dateOfBirth, isStudent, users_id, prices_id) values ('1991/03/30', 0, 9, 1);
insert into customers (dateOfBirth, isStudent, users_id, prices_id) values ('1998/10/15', 1, 7, 2);

-- TABLE THEATER
insert into theater (name, address, city, quantity_room) values ('HEALTHO', '4198 Anhalt Pass', 'Bor', 9);
insert into theater (name, address, city, quantity_room) values ('AtoQ', '2166 Bultman Plaza', 'Qiandeng', 5);
insert into theater (name, address, city, quantity_room) values ('Zoro', '1577 Rusk Drive', 'Fenshui', 9);
insert into theater (name, address, city, quantity_room) values ('LBEL', '2 International Street', 'Le Lamentin', 3);
insert into theater (name, address, city, quantity_room) values ('Alpra', '957 Jenifer Court', 'Lumbayan', 3);
insert into theater (name, address, city, quantity_room) values ('Lisino', '3 Cordelia Circle', 'Wanganui', 10);
insert into theater (name, address, city, quantity_room) values ('Clonid', '96 Scott Street', 'Banjarbaru', 9);
insert into theater (name, address, city, quantity_room) values ('HYVEE', '87874 Reindahl Crossing', 'Ajdabiya', 10);
insert into theater (name, address, city, quantity_room) values ('Simtin', '02299 Blaine Pass', 'Kunvald', 6);
insert into theater (name, address, city, quantity_room) values ('Urea', '875 Messerschmidt Park', 'Gaozhou', 3);

-- TABLE ADMIN
insert into admin (users_id, theater_id) values (10, 1);
insert into admin (users_id, theater_id) values (11, 2);
insert into admin (users_id, theater_id) values (12, 3);
insert into admin (users_id, theater_id) values (13, 4);
insert into admin (users_id, theater_id) values (14, 5); 
insert into admin (users_id, theater_id) values (15, 6);
insert into admin (users_id, theater_id) values (16, 7);
insert into admin (users_id, theater_id) values (17, 8);
insert into admin (users_id, theater_id) values (18, 9);
insert into admin (users_id, theater_id) values (19, 10);
insert into admin (users_id, theater_id) values (20, 1); 
insert into admin (users_id, theater_id) values (21, 2);
insert into admin (users_id, theater_id) values (12, 3);
insert into admin (users_id, theater_id) values (13, 4);


-- TABLE HALL
insert into hall (roomNumber, capacity_place, theater_id) values (1, 650, 1);
insert into hall (roomNumber, capacity_place, theater_id) values (2, 600, 2);
insert into hall (roomNumber, capacity_place, theater_id) values (3, 550, 3);
insert into hall (roomNumber, capacity_place, theater_id) values (4, 500, 4);
insert into hall (roomNumber, capacity_place, theater_id) values (5, 450, 5);
insert into hall (roomNumber, capacity_place, theater_id) values (6, 400, 6);
insert into hall (roomNumber, capacity_place, theater_id) values (7, 350, 7);
insert into hall (roomNumber, capacity_place, theater_id) values (8, 300, 8);
insert into hall (roomNumber, capacity_place, theater_id) values (9, 250, 9);


-- TABLE MOVIE
insert into movie (title, release_date, duration, genre, directed_by) values ('Flamingo Road', '2022/02/03', '2:10:00', 'Drama|Romance', 'Audy Mompesson');
insert into movie (title, release_date, duration, genre, directed_by) values ('Mississippi Masala', '2022/04/14', '1:43:00', 'Drama|Romance', 'Michel Matteotti');
insert into movie (title, release_date, duration, genre, directed_by) values ('Space Pirate Captain Harlock: Arcadia of My Youth', '2022/07/01', '1:26:00', 'Action|Adventure|Sci-Fi', 'Valaree Wheatley');
insert into movie (title, release_date, duration, genre, directed_by) values ('Standing Still', '2022/10/01', '2:15:00', 'Comedy|Drama|Romance', 'Laurent Cunnell');
insert into movie (title, release_date, duration, genre, directed_by) values ('Chained for Life', '2022/02/14', '2:23:00', 'Crime', 'Kristos Veeler');
insert into movie (title, release_date, duration, genre, directed_by) values ('Friday', '2022/01/30', '2:01:00', 'Comedy', 'Lee Widdall');
insert into movie (title, release_date, duration, genre, directed_by) values ('Nuremberg', '2022/03/18', '2:10:00', 'Drama|War', 'Merl Iskow');
insert into movie (title, release_date, duration, genre, directed_by) values ('Very Potter Musical, A', '2022/06/01', '2:09:00', 'Comedy|Musical', 'Keelby Heigho');
insert into movie (title, release_date, duration, genre, directed_by) values ('License to Drive', '2022/01/03', '1:43:00', 'Comedy', 'Lorelle Kedie');
insert into movie (title, release_date, duration, genre, directed_by) values ('Scream 3', '2022/08/19', '2:11:00', 'Comedy|Horror|Mystery|Thriller', 'Renato Chatan');


--TABLE CINEMA-SESSION 
insert into cinema_session (date, hours, movie_id, hall_id) values ('2023/01/12', '15:30:00', 1, 9);
insert into cinema_session (date, hours, movie_id, hall_id) values ('2023/01/12', '11:15:00', 4, 2);
insert into cinema_session (date, hours, movie_id, hall_id) values ('2023/01/12', '11:30:00', 3, 4);
insert into cinema_session (date, hours, movie_id, hall_id) values ('2023/01/12', '17:00:00', 2, 6);
insert into cinema_session (date, hours, movie_id, hall_id) values ('2023/01/12', '18:45:00', 6, 3);
insert into cinema_session (date, hours, movie_id, hall_id) values ('2023/01/12', '19:00:00', 1, 5);
insert into cinema_session (date, hours, movie_id, hall_id) values ('2023/01/12', '19:30:00', 7, 8);
insert into cinema_session (date, hours, movie_id, hall_id) values ('2023/01/12', '20:00:00', 10, 3);
insert into cinema_session (date, hours, movie_id, hall_id) values ('2023/01/12', '20:30:00', 4, 1);
insert into cinema_session (date, hours, movie_id, hall_id) values ('2023/01/12', '21:00:00', 8, 7);

-- TABLE PAYMENT
insert into payment (paymentType) value ('Paiement en ligne');
insert into payment (paymentType) value ('Paiement au comptoir');

-- TABLE BOOKING
insert into booking (no_ticket, number_person, total_price, booking_date, customers_id, cinemaSession_id, payment_id) values (1, 1, '5.90', '2023/01/12', 10, 3, 1);
insert into booking (no_ticket, number_person, total_price, booking_date, customers_id, cinemaSession_id, payment_id) values (2, 2, '15.01', '2023/01/12', 21, 2, 2);
insert into booking (no_ticket, number_person, total_price, booking_date, customers_id, cinemaSession_id, payment_id) values (3, 2, '18.40', '2023/01/12', 13, 6, 1);
insert into booking (no_ticket, number_person, total_price, booking_date, customers_id, cinemaSession_id, payment_id) values (4, 5, '46.00', '2023/01/12', 14, 8, 1);
insert into booking (no_ticket, number_person, total_price, booking_date, customers_id, cinemaSession_id, payment_id) values (5, 6, '55.20', '2023/01/12', 15, 2, 1);
insert into booking (no_ticket, number_person, total_price, booking_date, customers_id, cinemaSession_id, payment_id) values (6, 2, '12.08', '2023/01/12', 16, 3, 1);
insert into booking (no_ticket, number_person, total_price, booking_date, customers_id, cinemaSession_id, payment_id) values (7, 2, '46.51', '2023/01/12', 17, 5, 2);
insert into booking (no_ticket, number_person, total_price, booking_date, customers_id, cinemaSession_id, payment_id) values (8, 3, '22.70', '2023/01/12', 18, 10, 2);
insert into booking (no_ticket, number_person, total_price, booking_date, customers_id, cinemaSession_id, payment_id) values (9, 4, '40.66', '2023/01/12', 19, 4, 1);
insert into booking (no_ticket, number_person, total_price, booking_date, customers_id, cinemaSession_id, payment_id) values (10, 6, '55.20', '2023/01/12', 10, 1, 1);


